time,flux,h,injection_area,pp_0,pp_inf,tidal_head,wellPP
0,0,101.02319181064,1.2566370614359,0,0,0,0
1,0,101.02319181064,1.2566370614359,1010231.9327744,1010231.9273766,1.4544410382007e-12,1010231.9181064
2.1,-0.00030650719907228,101.02319181064,1.2566370614359,1010232.0521505,1010231.9448714,3.0543261435009e-12,1010231.9181064
3.31,-0.00027041810373431,101.02318810179,1.2566370614359,1010232.0549858,1010231.9641103,4.814199667457e-12,1010231.8810179
4.641,-0.00024914838638692,101.02318450242,1.2566370614359,1010232.0195892,1010231.9852706,6.7500603694961e-12,1010231.8450242
6.1051,-0.00023357619367859,101.02318085453,1.2566370614359,1010231.9848346,1010232.0085454,8.8795068467744e-12,1010231.8085453
7.71561,-0.00022032522244931,101.02317709265,1.2566370614359,1010231.9494102,1010232.0341463,1.1221897503008e-11,1010231.7709265
9.487171,-0.00020820372404082,101.02317318934,1.2566370614359,1010231.912756,1010232.0623061,1.3798526508756e-11,1010231.7318934
11.4358881,-0.00019665212848421,101.02316913192,1.2566370614359,1010231.8746421,1010232.0932807,1.6632817350412e-11,1010231.6913192
13.57947691,-0.00018535795969617,101.02316491638,1.2566370614359,1010231.8349667,1010232.1273518,1.9750535724212e-11,1010231.6491638
15.937424601,-0.00017412643130479,101.02316054561,1.2566370614359,1010231.7937051,1010232.1648288,2.3180023706367e-11,1010231.6054561
18.5311670611,-0.00016282673444192,101.02315602909,1.2566370614359,1010231.7508966,1010232.2060523,2.6952457322324e-11,1010231.5602909
21.38428376721,-0.00015136665552935,101.02315138331,1.2566370614359,1010231.7066433,1010232.251397,3.1102129848979e-11,1010231.5138331
24.522712143931,-0.00013967949574309,101.02314663264,1.2566370614359,1010231.6611156,1010232.3012748,3.566676341488e-11,1010231.4663264
27.974983358324,-0.00012771699458604,101.02314181038,1.2566370614359,1010231.6145608,1010232.356139,4.0687851717294e-11,1010231.4181038
31.772481694157,-0.00011544544379241,101.02313696019,1.2566370614359,1010231.5673148,1010232.4164881,4.6211036953111e-11,1010231.3696019
35.949729863572,-0.00010284360354718,101.0231321376,1.2566370614359,1010231.5198157,1010232.4828704,5.2286524365364e-11,1010231.321376
40.544702849929,-8.9901703313086e-05,101.02312741183,1.2566370614359,1010231.4726197,1010232.5558891,5.8969538140733e-11,1010231.2741183
45.599173134922,-7.662114134723e-05,101.02312286764,1.2566370614359,1010231.4264188,1010232.6362076,6.6320822758114e-11,1010231.2286764
51.159090448415,-6.3014606708447e-05,101.02311860744,1.2566370614359,1010231.3820597,1010232.7245557,7.4407194286655e-11,1010231.1860744
57.274999493256,-4.9106472489688e-05,101.02311475341,1.2566370614359,1010231.3405645,1010232.8217362,8.3302146565827e-11,1010231.1475341
64.002499442582,-3.493332012786e-05,101.02311144968,1.2566370614359,1010231.3031521,1010232.9286324,9.3086517672546e-11,1010231.1144968
71.40274938684,-2.0544477465093e-05,101.02310886445,1.2566370614359,1010231.2712598,1010233.046216,1.0384922259302e-10,1010231.0886445
79.543024325524,-6.0024693275123e-06,101.02310719202,1.2566370614359,1010231.2465647,1010233.1755563,1.1568805857179e-10,1010231.0719202
88.497326758076,8.6167466523706e-06,101.02310665453,1.2566370614359,1010231.2310038,1010233.3178305,1.2871059020821e-10,1010231.0665453
98.347059433884,2.3223871029161e-05,101.02310750328,1.2566370614359,1010231.2267913,1010233.4743343,1.4303512201197e-10,1010231.0750328
109.18176537727,3.7716832497465e-05,101.02311001959,1.2566370614359,1010231.2364321,1010233.646494,1.5879176681274e-10,1010231.1001959
121.099941915,5.1981949741429e-05,101.02311451488,1.2566370614359,1010231.2627305,1010233.8358797,1.7612361914172e-10,1010231.1451488
134.2099361065,6.5895838202161e-05,101.02312132991,1.2566370614359,1010231.3087906,1010234.0442187,1.9518804345923e-10,1010231.2132991
148.63092971715,7.9328175870655e-05,101.02313083303,1.2566370614359,1010231.3780099,1010234.2734101,2.1615808788268e-10,1010231.3083303
164.49402268886,9.2145411199954e-05,101.0231434173,1.2566370614359,1010231.4740611,1010234.5255397,2.3922403485905e-10,1010231.434173
181.94342495775,0.00010421546550902,101.0231594966,1.2566370614359,1010231.6008643,1010234.8028955,2.6459510100285e-10,1010231.594966
201.13776745353,0.00011541334210324,101.02317950066,1.2566370614359,1010231.7625484,1010235.1079843,2.925012990538e-10,1010231.7950066
222.25154419888,0.00012562752975944,101.0232038695,1.2566370614359,1010231.9634019,1010235.4435489,3.2319547555297e-10,1010232.038695
245.47669861877,0.0001347668526935,101.02323304755,1.2566370614359,1010232.2078176,1010235.8125878,3.5695553832918e-10,1010232.3304755
271.02436848064,0.00014276731906504,101.02326747835,1.2566370614359,1010232.5002348,1010236.2183776,3.9408688814333e-10,1010232.6747835
299.12680532871,0.00014959829741756,101.02330760063,1.2566370614359,1010232.8450865,1010236.6644979,4.3492506873855e-10,1010233.0760063
330.03948586158,0.00015526721176774,101.02335384684,1.2566370614359,1010233.2467605,1010237.1548625,4.7983864892624e-10,1010233.5384684
364.04343444774,0.00015982184394588,101.02340664538,1.2566370614359,1010233.7095851,1010237.6937538,5.2923234898487e-10,1010234.0664538
401.44777789251,0.00016334934232263,101.02346642745,1.2566370614359,1010234.2378513,1010238.2858643,5.8355042126302e-10,1010234.6642745
442.59255568176,0.00016597121277749,101.02353363916,1.2566370614359,1010234.8358808,1010238.9363425,6.4328029106316e-10,1010235.3363916
487.85181124994,0.00016783405316084,101.02360875871,1.2566370614359,1010235.5081462,1010239.650844,7.0895645810472e-10,1010236.0875871
537.63699237493,0.00016909639814943,101.02369231766,1.2566370614359,1010236.2594423,1010240.4355859,7.8116465041028e-10,1010236.9231766
592.40069161242,0.00016991303764232,101.02378492384,1.2566370614359,1010237.095097,1010241.297403,8.6054621037299e-10,1010237.8492384
652.64076077367,0.00017041908353488,101.02388728259,1.2566370614359,1010238.0211991,1010242.2438051,9.4780267577918e-10,1010238.8728259
718.90483685103,0.00017071682276662,101.02400021255,1.2566370614359,1010239.0448105,1010243.2830312,1.0437004949901e-09,1010240.0021255
791.79532053614,0.00017086855780014,101.02412465254,1.2566370614359,1010240.1741223,1010244.4241019,1.1490757830958e-09,1010241.2465254
871.97485258975,0.00017089785887893,101.02426165819,1.2566370614359,1010241.4185247,1010245.676867,1.2648389816859e-09,1010242.6165819
960.17233784872,0.00017079953673999,101.02441239025,1.2566370614359,1010242.7885736,1010247.0520473,1.3919792250444e-09,1010244.1239025
1057.1895716336,0.00017055567912177,101.02457810012,1.2566370614359,1010244.2958751,1010248.5612695,1.531568134937e-09,1010245.7810012
1157.1895716336,0.00016061836304867,101.02474866083,1.2566370614359,1010245.9521833,1010250.1130737,1.6751292165093e-09,1010247.4866083
1257.1895716336,0.00014666037814086,101.02490928393,1.2566370614359,1010247.6566799,1010251.6609867,1.8183359477034e-09,1010249.0928393
1357.1895716336,0.00014212705336454,101.02505594863,1.2566370614359,1010249.2625504,1010253.2049077,1.9611580351193e-09,1010250.5594863
1457.1895716336,0.00014971118875765,101.02519807988,1.2566370614359,1010250.7298012,1010254.7445563,2.1035652667233e-09,1010251.9807988
1557.1895716336,0.00016008554838852,101.02534779548,1.2566370614359,1010252.1519394,1010256.2794881,2.2455275182383e-09,1010253.4779548
1657.1895716336,0.00016239533218885,101.02550788575,1.2566370614359,1010253.6492795,1010257.8092335,2.3870147595168e-09,1010255.0788575
1757.1895716336,0.00015490174381768,101.02567028587,1.2566370614359,1010255.2495862,1010259.3334316,2.5279970608932e-09,1010256.7028587
1857.1895716336,0.0001455013590562,101.02582519218,1.2566370614359,1010256.8728396,1010260.8518405,2.6684445995148e-09,1010258.2519218
1957.1895716336,0.00014290012774219,101.02597069784,1.2566370614359,1010258.4216959,1010262.3642344,2.8083276656505e-09,1010259.7069784
2057.1895716336,0.00014812467224087,101.02611360218,1.2566370614359,1010259.8771684,1010263.8703016,2.9476166689758e-09,1010261.1360218
2157.1895716336,0.00015450431637409,101.02626173122,1.2566370614359,1010261.3067197,1010265.3696418,3.0862821448317e-09,1010262.6173122
2257.1895716336,0.00015506965579931,101.02641624009,1.2566370614359,1010262.7880554,1010266.8618514,3.2242947604578e-09,1010264.1624009
2357.1895716336,0.00014930322654839,101.02657131432,1.2566370614359,1010264.3326855,1010268.346605,3.3616253211974e-09,1010265.7131432
2457.1895716336,0.00014282186630629,101.02672062195,1.2566370614359,1010265.8829122,1010269.8236525,3.498244776673e-09,1010267.2062195
2557.1895716336,0.00014119074161369,101.02686344803,1.2566370614359,1010267.375859,1010271.2927471,3.6341242269315e-09,1010268.6344803
2657.1895716336,0.00014456957445164,101.02700464294,1.2566370614359,1010268.8043889,1010272.7535806,3.7692349285578e-09,1010270.0464294
2757.1895716336,0.00014824259133782,101.02714921677,1.2566370614359,1010270.2166304,1010274.2057884,3.9035483007547e-09,1010271.4921677
2857.1895716336,0.00014777757971222,101.02729746374,1.2566370614359,1010271.662332,1010275.6490101,4.0370359313892e-09,1010272.9746374
2957.1895716336,0.00014325930748519,101.02744524568,1.2566370614359,1010273.1444424,1010277.0829399,4.1696695830024e-09,1010274.4524568
3057.1895716336,0.00013863673534336,101.02758850921,1.2566370614359,1010274.6218941,1010278.5073205,4.3014211987828e-09,1010275.8850921
3157.1895716336,0.00013743080252399,101.02772715003,1.2566370614359,1010276.0544337,1010279.9218927,4.4322629085014e-09,1010277.2715003
3257.1895716336,0.00013939736613983,101.02786458489,1.2566370614359,1010277.4409986,1010281.3263553,4.5621670344072e-09,1010278.6458489
3357.1895716336,0.00014123876394772,101.02800398637,1.2566370614359,1010278.815494,1010282.7203725,4.6911060970822e-09,1010280.0398637
3457.1895716336,0.00014016656846591,101.0281452293,1.2566370614359,1010280.2094236,1010284.1036159,4.8190528212539e-09,1010281.452293
3557.1895716336,0.00013652321048828,101.0282854,1.2566370614359,1010281.6215632,1010285.4757962,4.9459801415654e-09,1010282.854
3657.1895716336,0.0001330563860537,101.02842192723,1.2566370614359,1010283.0229946,1010286.8366552,5.0718612083007e-09,1010284.2192723
3757.1895716336,0.00013196847122454,101.02855498755,1.2566370614359,1010284.3881806,1010288.1859316,5.196669393064e-09,1010285.5498755
3857.1895716336,0.0001328643850778,101.02868695991,1.2566370614359,1010285.7188552,1010289.5233359,5.320378294413e-09,1010286.8695991
3957.1895716336,0.00013346090894256,101.02881982821,1.2566370614359,1010287.0386265,1010290.8485584,5.4429617434435e-09,1010288.1982821
4057.1895716336,0.00013202494395857,101.02895329306,1.2566370614359,1010288.3671955,1010292.1612979,5.5643938093251e-09,1010289.5329306
4157.1895716336,0.00012897352125685,101.0290853219,1.2566370614359,1010289.7016013,1010293.4612811,5.6846488047867e-09,1010290.853219
4257.1895716336,0.00012620042281588,101.02921429922,1.2566370614359,1010291.0216692,1010294.7482552,5.8037012915499e-09,1010292.1429922
4357.1895716336,0.00012506556470106,101.02934050337,1.2566370614359,1010292.3113524,1010296.0219645,5.9215260857107e-09,1010293.4050337
4457.1895716336,0.0001251529149544,101.02946557262,1.2566370614359,1010293.573401,1010297.2821349,6.0380982630661e-09,1010294.6557262
4557.1895716336,0.0001248961137296,101.02959072922,1.2566370614359,1010294.8240733,1010298.5284815,6.1533931643871e-09,1010295.9072922
4657.1895716336,0.00012323297161191,101.02971562902,1.2566370614359,1010296.0755072,1010299.7607277,6.2673864006346e-09,1010297.1562902
4757.1895716336,0.00012056509735738,101.02983886563,1.2566370614359,1010297.324293,1010300.9786174,6.3800538581187e-09,1010298.3886563
4857.1895716336,0.00011818621642516,101.02995943428,1.2566370614359,1010298.55647,1010302.1819081,6.4913717035998e-09,1010299.5943428
4957.1895716336,0.00011692350687738,101.03007762398,1.2566370614359,1010299.7620562,1010303.3703553,6.6013163893299e-09,1010300.7762398
5057.1895716336,0.00011640016900054,101.03019455094,1.2566370614359,1010300.9439118,1010304.5437035,6.7098646580338e-09,1010301.9455094
5157.1895716336,0.00011555095032203,101.03031095454,1.2566370614359,1010302.113114,1010305.7016917,6.8169935478293e-09,1010303.1095454
5257.1895716336,0.00011373558953011,101.0304265089,1.2566370614359,1010303.2770057,1010306.8440674,6.9226803970838e-09,1010304.265089
5357.1895716336,0.0001113020762148,101.03054024784,1.2566370614359,1010304.4323558,1010307.9705928,7.0269028492086e-09,1010305.4024784
5457.1895716336,0.00010912680480602,101.0306515532,1.2566370614359,1010305.5695723,1010309.0810398,7.1296388573879e-09,1010306.515532
5557.1895716336,0.00010770391362832,101.03076068323,1.2566370614359,1010306.6825129,1010310.1751796,7.2308666892424e-09,1010307.6068323
5657.1895716336,0.00010671801012491,101.03086839032,1.2566370614359,1010307.7737348,1010311.2527772,7.3305649314269e-09,1010308.6839032
5757.1895716336,0.00010545068185217,101.03097511147,1.2566370614359,1010308.850705,1010312.3135962,7.4287124941593e-09,1010309.7511147
5857.1895716336,0.00010352379754856,101.03108056527,1.2566370614359,1010309.9177634,1010313.3574075,7.5252886156825e-09,1010310.8056527
5957.1895716336,0.00010122102639233,101.03118409212,1.2566370614359,1010310.9721183,1010314.3839935,7.6202728666561e-09,1010311.8409212
6057.1895716336,9.9131249964179e-05,101.03128531613,1.2566370614359,1010312.0072206,1010315.3931441,7.7136451544776e-09,1010312.8531613
6157.1895716336,9.7543104049241e-05,101.0313844503,1.2566370614359,1010313.0193345,1010316.3846492,7.8053857275332e-09,1010313.844503
6257.1895716336,9.6205297942533e-05,101.03148199628,1.2566370614359,1010314.01057,1010317.3582964,7.8954751793756e-09,1010314.8199628
6357.1895716336,9.4637309868393e-05,101.03157820442,1.2566370614359,1010314.9859052,1010318.3138739,7.9838944528295e-09,1010315.7820442
6457.1895716336,9.2621586938585e-05,101.03167284452,1.2566370614359,1010315.9478263,1010319.2511768,8.0706248440224e-09,1010316.7284452
6557.1895716336,9.0380210650551e-05,101.03176546884,1.2566370614359,1010316.894049,1010320.1700096,8.1556480063417e-09,1010317.6546884
6657.1895716336,8.8305751267277e-05,101.03185585171,1.2566370614359,1010317.8201273,1010321.0701825,8.2389459543155e-09,1010318.5585171
6757.1895716336,8.6561962864633e-05,101.03194416007,1.2566370614359,1010318.7238174,1010321.9515069,8.3205010674167e-09,1010319.4416007
6857.1895716336,8.4955375696972e-05,101.03203072459,1.2566370614359,1010319.6067733,1010322.8137944,8.4002960937911e-09,1010320.3072459
6957.1895716336,8.3167216696401e-05,101.03211568247,1.2566370614359,1010320.4722763,1010323.6568587,8.4783141539063e-09,1010321.1568247
7057.1895716336,8.1076694180033e-05,101.03219885214,1.2566370614359,1010321.3216889,1010324.48052,8.5545387441227e-09,1010321.9885214
7157.1895716336,7.885270291787e-05,101.03227993122,1.2566370614359,1010322.1532087,1010325.2846059,8.6289537401842e-09,1010322.7993122
7257.1895716336,7.6754890388129e-05,101.03235878625,1.2566370614359,1010322.9638328,1010326.0689495,8.7015434006294e-09,1010323.5878625
7357.1895716336,7.4872500737901e-05,101.0324355434,1.2566370614359,1010323.7522334,1010326.8333859,8.7722923701212e-09,1010324.355434
7457.1895716336,7.3060360706424e-05,101.03251041811,1.2566370614359,1010324.5196608,1010327.5777518,8.8411856826953e-09,1010325.1041811
7557.1895716336,7.110877854205e-05,101.03258348063,1.2566370614359,1010325.2682527,1010328.3018872,8.9082087649259e-09,1010325.8348063
7657.1895716336,6.8954083661217e-05,101.0326545915,1.2566370614359,1010325.9987065,1010329.0056381,8.9733474390086e-09,1010326.545915
7757.1895716336,6.6721904739148e-05,101.03272354762,1.2566370614359,1010326.7096378,1010329.6888571,9.0365879257592e-09,1010327.2354762
7857.1895716336,6.4582641303382e-05,101.03279027149,1.2566370614359,1010327.3990288,1010330.3514017,9.097916847529e-09,1010327.9027149
7957.1895716336,6.2582087078554e-05,101.03285485604,1.2566370614359,1010328.0661085,1010330.9931323,9.1573212310341e-09,1010328.5485604
8057.1895716336,6.0613507854185e-05,101.03291743997,1.2566370614359,1010328.7117974,1010331.6139119,9.2147885101003e-09,1010329.1743997
8157.1895716336,5.8540165262572e-05,101.03297805527,1.2566370614359,1010329.3374718,1010332.2136076,9.2703065283209e-09,1010329.7805527
8257.1895716336,5.6331249956383e-05,101.03303659716,1.2566370614359,1010329.9434491,1010332.7920921,9.3238635416283e-09,1010330.3659716
8357.1895716336,5.407858901087e-05,101.03309293007,1.2566370614359,1010330.5286888,1010333.3492441,9.3754482207782e-09,1010330.9293007
8457.1895716336,5.1893122818574e-05,101.03314701026,1.2566370614359,1010331.0918441,1010333.8849471,9.4250496537464e-09,1010331.4701026
8557.1895716336,4.9796068372982e-05,101.03319890491,1.2566370614359,1010331.6324791,1010334.399088,9.4726573480371e-09,1010331.9890491
8657.1895716336,4.7710260256416e-05,101.03324870245,1.2566370614359,1010332.1512598,1010334.8915572,9.5182612329021e-09,1010332.4870245
8757.1895716336,4.5547373034338e-05,101.03329641411,1.2566370614359,1010332.6490631,1010335.3622494,9.5618516614713e-09,1010332.9641411
8857.1895716336,4.3294845506954e-05,101.03334196283,1.2566370614359,1010333.1260006,1010335.8110648,9.6034194127934e-09,1010333.4196283
8957.1895716336,4.101884077765e-05,101.03338525895,1.2566370614359,1010333.5813067,1010336.2379094,9.6429556937866e-09,1010333.8525895
9057.1895716336,3.8791016084952e-05,101.033426279,1.2566370614359,1010334.0140907,1010336.6426936,9.6804521410984e-09,1010334.26279
9157.1895716336,3.6619245731714e-05,101.03346507116,1.2566370614359,1010334.4241185,1010337.0253319,9.7159008228747e-09,1010334.6507116
9257.1895716336,3.4448564959861e-05,101.03350169149,1.2566370614359,1010334.8118674,1010337.3857428,9.7492942404382e-09,1010335.0169149
9357.1895716336,3.2222504546367e-05,101.03353614107,1.2566370614359,1010335.1778936,1010337.7238493,9.7806253298739e-09,1010335.3614107
9457.1895716336,2.9938131925649e-05,101.03356836453,1.2566370614359,1010335.5222076,1010338.0395799,9.809887463524e-09,1010335.6836453
9557.1895716336,2.7642557448615e-05,101.03359830354,1.2566370614359,1010335.8442596,1010338.3328682,9.8370744513895e-09,1010335.9830354
9657.1895716336,2.538168894751e-05,101.03362594691,1.2566370614359,1010336.1434699,1010338.6036529,9.8621805424397e-09,1010336.2594691
9757.1895716336,2.3156617466637e-05,101.03365132935,1.2566370614359,1010336.4197266,1010338.8518766,9.8852004258289e-09,1010336.5132935
9857.1895716336,2.0928697684264e-05,101.03367448665,1.2566370614359,1010336.6733737,1010339.0774864,9.9061292320198e-09,1010336.7448665
9957.1895716336,1.8662261024366e-05,101.03369541597,1.2566370614359,1010336.9047664,1010339.2804342,9.9249625338132e-09,1010336.9541597
10057.189571634,1.6359049237207e-05,101.03371407878,1.2566370614359,1010337.1138763,1010339.4606769,9.9416963472852e-09,1010337.1407878
10157.189571634,1.4052275537109e-05,101.03373043831,1.2566370614359,1010337.3003208,1010339.6181769,9.9563271326293e-09,1010337.3043831
10257.189571634,1.1771107584736e-05,101.033744491,1.2566370614359,1010337.4637346,1010339.7529011,9.9688517949056e-09,1010337.44491
10357.189571634,9.5135581521693e-06,101.03375626245,1.2566370614359,1010337.6040819,1010339.8648212,9.9792676846953e-09,1010337.5626245
10457.189571634,7.2527967366676e-06,101.03376577629,1.2566370614359,1010337.7216166,1010339.9539129,9.9875725986613e-09,1010337.6577629
10557.189571634,4.9666036606922e-06,101.0337730293,1.2566370614359,1010337.8165731,1010340.0201574,9.9937647800139e-09,1010337.730293
10657.189571634,2.6586537744585e-06,101.03377799605,1.2566370614359,1010337.8889195,1010340.0635405,9.9978429188832e-09,1010337.7799605
10757.189571634,3.5216680630394e-07,101.03378065479,1.2566370614359,1010337.9384035,1010340.0840533,9.9998061525952e-09,1010337.8065479
10857.189571634,-1.9344642673443e-06,101.03378100696,1.2566370614359,1010337.9648088,1010340.0816918,9.999654065855e-09,1010337.8100696
10957.189571634,-4.2043115744528e-06,101.03377907244,1.2566370614359,1010337.96815,1010340.0564564,9.9973866908346e-09,1010337.7907244
11057.189571634,-6.4757716024518e-06,101.03377486801,1.2566370614359,1010337.948624,1010340.0083522,9.9930045071657e-09,1010337.7486801
11157.189571634,-8.7624456858916e-06,101.03376839204,1.2566370614359,1010337.9063977,1010339.9373892,9.9865084418386e-09,1010337.6839204
11257.189571634,-1.1060176504174e-05,101.03375962934,1.2566370614359,1010337.8414552,1010339.8435824,9.9778998690058e-09,1010337.5962934
11357.189571634,-1.3352832167057e-05,101.03374856884,1.2566370614359,1010337.7536457,1010339.726952,9.9671806096917e-09,1010337.4856884
11457.189571634,-1.5628897753753e-05,101.03373521561,1.2566370614359,1010337.6428595,1010339.5875226,9.9543529314071e-09,1010337.3521561
11557.189571634,-1.7891512101294e-05,101.03371958625,1.2566370614359,1010337.5091472,1010339.4253239,9.9394195476696e-09,1010337.1958625
11657.189571634,-2.0153136345879e-05,101.03370169421,1.2566370614359,1010337.3526736,1010339.2403898,9.9223836174296e-09,1010337.0169421
11757.189571634,-2.2421900215858e-05,101.03368154048,1.2566370614359,1010337.1735726,1010339.0327594,9.9032487444022e-09,1010336.8154048
11857.189571634,-2.469386056184e-05,101.03365911792,1.2566370614359,1010336.9718545,1010338.8024768,9.8820189763047e-09,1010336.5911792
11957.189571634,-2.6957864096389e-05,101.03363442333,1.2566370614359,1010336.7474487,1010338.5495906,9.8586988040003e-09,1010336.3442333
12057.189571634,-2.9206740472831e-05,101.03360746467,1.2566370614359,1010336.5003238,1010338.2741546,9.8332931605485e-09,1010336.0746467
12157.189571634,-3.1443249924998e-05,101.03357825707,1.2566370614359,1010336.2305592,1010337.9762269,9.8058074201611e-09,1010335.7825707
12257.189571634,-3.367570416825e-05,101.03354681289,1.2566370614359,1010335.9383055,1010337.6558704,9.7762473970658e-09,1010335.4681289
12357.189571634,-3.5908804728709e-05,101.03351313619,1.2566370614359,1010335.6236859,1010337.3131529,9.7446193442758e-09,1010335.1313619
12457.189571634,-3.8139114041472e-05,101.03347722633,1.2566370614359,1010335.2867414,1010336.9481469,9.7109299522676e-09,1010334.7722633
12557.189571634,-4.0358943594283e-05,101.03343908609,1.2566370614359,1010334.9274661,1010336.5609297,9.6751863475654e-09,1010334.3908609
12657.189571634,-4.2563841727427e-05,101.03339872596,1.2566370614359,1010334.5458882,1010336.1515832,9.6373960912334e-09,1010333.9872596
12757.189571634,-4.475602300629e-05,101.03335616086,1.2566370614359,1010334.1421123,1010335.720194,9.5975671772768e-09,1010333.5616086
12857.189571634,-4.6940942944976e-05,101.03331140352,1.2566370614359,1010333.7162874,1010335.2668533,9.5557080309507e-09,1010333.1140352
12957.189571634,-4.9121179790306e-05,101.03326446119,1.2566370614359,1010333.2685404,1010334.7916569,9.5118275069775e-09,1010332.6446119
13057.189571634,-5.1293885240781e-05,101.03321533856,1.2566370614359,1010332.7989442,1010334.2947055,9.465934887674e-09,1010332.1533856
13157.189571634,-5.3453749196355e-05,101.03316404316,1.2566370614359,1010332.3075459,1010333.7761041,9.4180398809882e-09,1010331.6404316
13257.189571634,-5.5598001182771e-05,101.03311058784,1.2566370614359,1010331.7944212,1010333.2359625,9.3681526184451e-09,1010331.1058784
13357.189571634,-5.7728312437643e-05,101.0330549882,1.2566370614359,1010331.2596984,1010332.674395,9.316283653004e-09,1010330.549882
13457.189571634,-5.9848186064603e-05,101.03299725818,1.2566370614359,1010330.7035332,1010332.0915202,9.2624439568259e-09,1010329.9725818
13557.189571634,-6.1958920549738e-05,101.03293740823,1.2566370614359,1010330.126065,1010331.4874615,9.2066449189525e-09,1010329.3740823
13657.189571634,-6.4058202434398e-05,101.03287544748,1.2566370614359,1010329.5273983,1010330.8623467,9.1488983428975e-09,1010328.7544748
13757.189571634,-6.6142365938459e-05,101.03281138739,1.2566370614359,1010328.9076249,1010330.216308,9.0892164441488e-09,1010328.1138739
13857.189571634,-6.8209663167401e-05,101.03274524307,1.2566370614359,1010328.2668593,1010329.5494822,9.0276118475853e-09,1010327.4524308
13957.189571634,-7.0261286106874e-05,101.0326770314,1.2566370614359,1010327.6052528,1010328.8620102,8.9640975848059e-09,1010326.770314
14057.189571634,-7.2299422989742e-05,101.03260676804,1.2566370614359,1010326.9229738,1010328.1540374,8.898687091373e-09,1010326.0676804
14157.189571634,-7.4324607195936e-05,101.03253446649,1.2566370614359,1010326.2201789,1010327.4257136,8.8313942039702e-09,1010325.3446649
14257.189571634,-7.6334996619011e-05,101.03246013969,1.2566370614359,1010325.4970033,1010326.677193,8.7622331574756e-09,1010324.6013969
14357.189571634,-7.8328040222419e-05,101.03238380244,1.2566370614359,1010324.7535765,1010325.9086337,8.6912185819504e-09,1010323.8380244
14457.189571634,-8.0302611559241e-05,101.03230547209,1.2566370614359,1010323.9900468,1010325.1201985,8.6183654995442e-09,1010323.0547209
14557.189571634,-8.2259512016e-05,101.03222516711,1.2566370614359,1010323.2065875,1010324.3120541,8.5436893213173e-09,1010322.2516711
14657.189571634,-8.4200048563708e-05,101.03214290517,1.2566370614359,1010322.4033831,1010323.4843715,8.4672058439806e-09,1010321.4290517
14757.189571634,-8.6124317169791e-05,101.03205870264,1.2566370614359,1010321.5806105,1010322.6373256,8.388931246554e-09,1010320.5870264
14857.189571634,-8.8030867204681e-05,101.03197257578,1.2566370614359,1010320.7384333,1010321.7710957,8.3088820869443e-09,1010319.7257578
14957.189571634,-8.9917900156892e-05,101.03188454232,1.2566370614359,1010319.8770144,1010320.8858652,8.2270752984422e-09,1010318.8454232
15057.189571634,-9.178466233103e-05,101.03179462177,1.2566370614359,1010318.9965311,1010319.9818211,8.1435281861403e-09,1010317.9462177
15157.189571634,-9.3631651411824e-05,101.0317028344,1.2566370614359,1010318.0971785,1010319.0591548,8.0582584232728e-09,1010317.028344
15257.189571634,-9.5459602954486e-05,101.03160919998,1.2566370614359,1010317.1791592,1010318.1180614,7.9712840474768e-09,1010316.0919998
15357.189571634,-9.7268371252374e-05,101.03151373757,1.2566370614359,1010316.2426709,1010317.15874,7.8826234569764e-09,1010315.1373757
15457.189571634,-9.9056811133217e-05,101.03141646633,1.2566370614359,1010315.2879043,1010316.1813935,7.7922954066912e-09,1010314.1646633
15557.189571634,-0.00010082364342145,101.03131740659,1.2566370614359,1010314.3150511,1010315.1862287,7.7003190042689e-09,1010313.1740659
15657.189571634,-0.00010256833181129,101.03121657998,1.2566370614359,1010313.3243148,1010314.173456,7.6067137060431e-09,1010312.1657998
15757.189571634,-0.00010429115601269,101.03111400862,1.2566370614359,1010312.3159114,1010313.1432899,7.5114993129178e-09,1010311.1400862
15857.189571634,-0.00010599247590349,101.03100971439,1.2566370614359,1010311.2900623,1010312.095948,7.4146959661788e-09,1010310.0971439
15957.189571634,-0.0001076720307917,101.03090371878,1.2566370614359,1010310.2469861,1010311.0316521,7.316324143233e-09,1010309.0371878
16057.189571634,-0.00010932891834943,101.03079604358,1.2566370614359,1010309.1868981,1010309.9506271,7.2164046532766e-09,1010307.9604358
16157.189571634,-0.0001109622043572,101.03068671144,1.2566370614359,1010308.1100159,1010308.8531019,7.1149586328934e-09,1010306.8671144
16257.189571634,-0.00011257149119389,101.03057574596,1.2566370614359,1010307.0165662,1010307.7393085,7.0120075415836e-09,1010305.7574596
16357.189571634,-0.00011415690086685,101.03046317115,1.2566370614359,1010305.9067851,1010306.6094827,6.9075731572242e-09,1010304.6317115
16457.189571634,-0.00011571856240546,101.03034901088,1.2566370614359,1010304.7809125,1010305.4638633,6.8016775714624e-09,1010303.4901088
16557.189571634,-0.00011725616625627,101.0302332889,1.2566370614359,1010303.6391873,1010304.3026927,6.6943431850423e-09,1010302.332889
16657.189571634,-0.0001187690008559,101.03011602928,1.2566370614359,1010302.481847,1010303.1262166,6.5855927030662e-09,1010301.1602928
16757.189571634,-0.00012025637365895,101.02999725678,1.2566370614359,1010301.3091322,1010301.9346838,6.4754491301921e-09,1010299.9725678
16857.189571634,-0.00012171797072319,101.02987699686,1.2566370614359,1010300.1212907,1010300.7283463,6.3639357657667e-09,1010298.7699686
16957.189571634,-0.00012315380989622,101.02975527529,1.2566370614359,1010298.918577,1010299.5074595,6.2510761988974e-09,1010297.5527529
17057.189571634,-0.00012456388035246,101.02963211785,1.2566370614359,1010297.701249,1010298.2722814,6.1368943034619e-09,1010296.3211785
17157.189571634,-0.00012594786844226,101.0295075503,1.2566370614359,1010296.4695643,1010297.0230734,6.0214142330585e-09,1010295.075503
17257.189571634,-0.00012730520977184,101.02938159872,1.2566370614359,1010295.2237805,1010295.7600998,5.904660415896e-09,1010293.8159872
17357.189571634,-0.00012863538734593,101.02925428975,1.2566370614359,1010293.9641586,1010294.4836277,5.7866575496269e-09,1010292.5428975
17457.189571634,-0.0001299381375467,101.02912565057,1.2566370614359,1010292.6909651,1010293.1939271,5.6674305961228e-09,1010291.2565057
17557.189571634,-0.00013121341473112,101.0289957086,1.2566370614359,1010291.4044716,1010291.8912709,5.5470047761939e-09,1010289.957086
17657.189571634,-0.00013246113522025,101.02886449131,1.2566370614359,1010290.1049524,1010290.5759346,5.425405564254e-09,1010288.6449131
17757.189571634,-0.00013368100408983,101.02873202627,1.2566370614359,1010288.7926823,1010289.2481964,5.3026586829318e-09,1010287.3202627
17857.189571634,-0.00013487257456467,101.02859834133,1.2566370614359,1010287.4679368,1010287.9083373,5.1787900976293e-09,1010285.9834133
17957.189571634,-0.00013603545077913,101.02846346477,1.2566370614359,1010286.1309946,1010286.5566406,5.0538260110297e-09,1010284.6346477
18057.189571634,-0.00013716941651393,101.02832742531,1.2566370614359,1010284.7821387,1010285.1933923,4.9277928575543e-09,1010283.2742531
18157.189571634,-0.00013827438721239,101.02819025185,1.2566370614359,1010283.4216559,1010283.8188807,4.8007172977706e-09,1010281.9025185
18257.189571634,-0.00013935024642625,101.02805197338,1.2566370614359,1010282.0498354,1010282.4333967,4.6726262127527e-09,1010280.5197338
18357.189571634,-0.00014039673375607,101.02791261903,1.2566370614359,1010280.6669673,1010281.0372333,4.5435466983951e-09,1010279.1261903
18457.189571634,-0.00014141349722378,101.02777221815,1.2566370614359,1010279.2733426,1010279.6306857,4.4135060596807e-09,1010277.7221815
18557.189571634,-0.00014240023283499,101.02763080048,1.2566370614359,1010277.8692551,1010278.2140517,4.282531804905e-09,1010276.3080048
18657.189571634,-0.00014335676065079,101.02748839605,1.2566370614359,1010276.4550021,1010276.7876308,4.1506516398571e-09,1010274.8839605
18757.189571634,-0.00014428298879991,101.02734503506,1.2566370614359,1010275.0308838,1010275.3517248,4.0178934619589e-09,1010273.4503506
18857.189571634,-0.00014517879468982,101.02720074782,1.2566370614359,1010273.5972024,1010273.9066374,3.8842853543635e-09,1010272.0074782
18957.189571634,-0.00014604395332372,101.02705556474,1.2566370614359,1010272.1542609,1010272.4526743,3.7498555800151e-09,1010270.5556474
19057.189571634,-0.0001468781917211,101.02690951648,1.2566370614359,1010270.7023635,1010270.9901431,3.6146325756701e-09,1010269.0951648
19157.189571634,-0.00014768128078898,101.02676263396,1.2566370614359,1010269.2418168,1010269.5193531,3.4786449458816e-09,1010267.6263396
19257.189571634,-0.00014845307950207,101.02661494832,1.2566370614359,1010267.7729299,1010268.0406156,3.3419214569487e-09,1010266.1494832
19357.189571634,-0.00014919350096302,101.02646649086,1.2566370614359,1010266.2960144,1010266.5542432,3.2044910308312e-09,1010264.6649086
19457.189571634,-0.0001499024281384,101.02631729296,1.2566370614359,1010264.8113831,1010265.0605504,3.0663827390319e-09,1010263.1729296
19557.189571634,-0.00015057968255219,101.02616738611,1.2566370614359,1010263.31935,1010263.5598532,2.9276257964465e-09,1010261.6738611
19657.189571634,-0.00015122506436979,101.02601680199,1.2566370614359,1010261.8202299,1010262.0524691,2.7882495551838e-09,1010260.1680199
19757.189571634,-0.0001518384003817,101.02586557247,1.2566370614359,1010260.3143396,1010260.5387168,2.6482834983568e-09,1010258.6557247
19857.189571634,-0.00015241958759848,101.02571372959,1.2566370614359,1010258.8019979,1010259.0189167,2.5077572338455e-09,1010257.1372959
19957.189571634,-0.00015296854994839,101.0255613055,1.2566370614359,1010257.2835252,1010257.4933901,2.3667004880344e-09,1010255.613055
20057.189571634,-0.00015348520199702,101.02540833244,1.2566370614359,1010255.759243,1010255.9624599,2.2251430995238e-09,1010254.0833244
20157.189571634,-0.00015396940857074,101.02525484271,1.2566370614359,1010254.2294736,1010254.4264498,2.0831150128182e-09,1010252.5484271
20257.189571634,-0.00015442102835166,101.02510086876,1.2566370614359,1010252.6945402,1010252.8856848,1.9406462719915e-09,1010251.0086876
20357.189571634,-0.00015483994547667,101.02494644318,1.2566370614359,1010251.1547671,1010251.3404908,1.7977670143321e-09,1010249.4644318
20457.189571634,-0.00015522608855537,101.02479159867,1.2566370614359,1010249.6104803,1010249.7911947,1.6545074639675e-09,1010247.9159867
20557.189571634,-0.0001555794119447,101.024636368,1.2566370614359,1010248.0620068,1010248.2381241,1.5108979254708e-09,1010246.36368
20657.189571634,-0.00015589985595763,101.024480784,1.2566370614359,1010246.5096744,1010246.6816077,1.3669687774502e-09,1010244.80784
20757.189571634,-0.00015618733486713,101.02432487955,1.2566370614359,1010244.9538113,1010245.1219747,1.2227504661231e-09,1010243.2487955
20857.189571634,-0.00015644175943522,101.02416868761,1.2566370614359,1010243.3947462,1010243.559555,1.0782734988751e-09,1010241.6868761
20957.189571634,-0.00015666306909709,101.02401224123,1.2566370614359,1010241.832809,1010241.9946791,9.3356843780703e-10,1010240.1224123
21057.189571634,-0.00015685122815752,101.02385557354,1.2566370614359,1010240.26833,1010240.4276781,7.8866589326982e-10,1010238.5557354
21157.189571634,-0.0001570062175986,101.02369871769,1.2566370614359,1010238.7016405,1010238.8588834,6.4359651738923e-10,1010236.9871769
21257.189571634,-0.00015712801225812,101.02354170684,1.2566370614359,1010237.133072,1010237.2886268,4.9839099758191e-10,1010235.4170684
21357.189571634,-0.00015721657936673,101.02338457419,1.2566370614359,1010235.5629563,1010235.7172406,3.5308005006387e-10,1010233.8457419
21457.189571634,-0.00015727188001079,101.02322735298,1.2566370614359,1010233.9916252,1010234.1450572,2.0769441335288e-10,1010232.2735298
21557.189571634,-0.00015729389722047,101.02307007646,1.2566370614359,1010232.419411,1010232.5724091,6.2264841766191e-11,1010230.7007646
21657.189571634,-0.00015728263421418,101.02291277792,1.2566370614359,1010230.8466465,1010230.9996289,-8.317790108514e-11,1010229.1277792
21757.189571634,-0.00015723810415818,101.02275549065,1.2566370614359,1010229.2736644,1010229.4270495,-2.2860304880387e-10,1010227.5549065
21857.189571634,-0.00015716032665557,101.02259824791,1.2566370614359,1010227.7007976,1010227.8550034,-3.7397983871473e-10,1010225.9824791
21957.189571634,-0.00015704931340971,101.02244108295,1.2566370614359,1010226.1283788,1010226.2838233,-5.1927751837191e-10,1010224.4108295
22057.189571634,-0.00015690507027226,101.022284029,1.2566370614359,1010224.5567404,1010224.7138414,-6.6446535206426e-10,1010222.84029
22157.189571634,-0.00015672762591642,101.0221271193,1.2566370614359,1010222.9862148,1010223.1453898,-8.0951262731703e-10,1010221.271193
22257.189571634,-0.00015651702071873,101.02197038705,1.2566370614359,1010221.4171343,1010221.5788004,-9.5438866138865e-10,1010219.7038705
22357.189571634,-0.00015627331261074,101.02181386542,1.2566370614359,1010219.849831,1010220.0144045,-1.0990628077613e-09,1010218.1386542
22457.189571634,-0.0001559965577685,101.0216575875,1.2566370614359,1010218.2846364,1010218.4525332,-1.2435044626235e-09,1010216.575875
22557.189571634,-0.00015568680885707,101.02150158634,1.2566370614359,1010216.7218816,1010216.8935166,-1.3876830713445e-09,1010215.0158634
22657.189571634,-0.00015534411912667,101.02134589494,1.2566370614359,1010215.161897,1010215.3376847,-1.531568134937e-09,1010213.4589494
22757.189571634,-0.00015496855908994,101.02119054624,1.2566370614359,1010213.6050127,1010213.7853666,-1.6751292165093e-09,1010211.9054624
22857.189571634,-0.00015456021769231,101.02103557311,1.2566370614359,1010212.0515579,1010212.2368906,-1.8183359477034e-09,1010210.3557311
22957.189571634,-0.00015411918709762,101.02088100833,1.2566370614359,1010210.5018615,1010210.6925843,-1.9611580351193e-09,1010208.8100833
23057.189571634,-0.00015364556181037,101.0207268846,1.2566370614359,1010208.9562512,1010209.1527744,-2.1035652667233e-09,1010207.268846
23157.189571634,-0.00015313943457957,101.0205732345,1.2566370614359,1010207.4150539,1010207.6177866,-2.2455275182383e-09,1010205.732345
23257.189571634,-0.00015260090400589,101.02042009055,1.2566370614359,1010205.8785955,1010206.0879456,-2.3870147595168e-09,1010204.2009055
23357.189571634,-0.0001520300906338,101.02026748515,1.2566370614359,1010204.3472012,1010204.563575,-2.5279970608932e-09,1010202.6748515
23457.189571634,-0.00015142712115198,101.02011545057,1.2566370614359,1010202.8211949,1010203.0449972,-2.6684445995148e-09,1010201.1545057
23557.189571634,-0.00015079212195657,101.01996401899,1.2566370614359,1010201.3008995,1010201.5325336,-2.8083276656505e-09,1010199.6401899
23657.189571634,-0.00015012522558795,101.01981322242,1.2566370614359,1010199.7866364,1010200.026504,-2.9476166689758e-09,1010198.1322242
23757.189571634,-0.00014942657190108,101.01966309276,1.2566370614359,1010198.2787261,1010198.5272271,-3.0862821448317e-09,1010196.6309276
23857.189571634,-0.00014869630748035,101.01951366178,1.2566370614359,1010196.7774874,1010197.0350199,-3.2242947604578e-09,1010195.1366178
23957.189571634,-0.00014793458622474,101.01936496109,1.2566370614359,1010195.283238,1010195.5501982,-3.3616253211974e-09,1010193.6496109
24057.189571634,-0.00014714157081075,101.01921702214,1.2566370614359,1010193.796294,1010194.073076,-3.498244776673e-09,1010192.1702214
24157.189571634,-0.00014631743298496,101.01906987623,1.2566370614359,1010192.3169698,1010192.6039658,-3.6341242269315e-09,1010190.6987623
24257.189571634,-0.0001454623453717,101.01892355448,1.2566370614359,1010190.8455785,1010191.1431784,-3.7692349285578e-09,1010189.2355448
24357.189571634,-0.00014457648703214,101.01877808785,1.2566370614359,1010189.3824313,1010189.6910228,-3.9035483007547e-09,1010187.7808785
24457.189571634,-0.00014366004229397,101.0186335071,1.2566370614359,1010187.9278377,1010188.2478061,-4.0370359313892e-09,1010186.335071
24557.189571634,-0.0001427132071882,101.01848984282,1.2566370614359,1010186.4821053,1010186.8138336,-4.1696695830024e-09,1010184.8984282
24657.189571634,-0.00014173618447528,101.0183471254,1.2566370614359,1010185.04554,1010185.3894088,-4.3014211987828e-09,1010183.471254
24757.189571634,-0.00014072918188959,101.01820538504,1.2566370614359,1010183.6184457,1010183.9748328,-4.4322629085014e-09,1010182.0538504
24857.189571634,-0.00013969241067647,101.0180646517,1.2566370614359,1010182.2011244,1010182.570405,-4.5621670344072e-09,1010180.646517
24957.189571634,-0.00013862608676266,101.01792495517,1.2566370614359,1010180.7938757,1010181.1764224,-4.6911060970822e-09,1010179.2495517
25057.189571634,-0.00013753043719303,101.017786325,1.2566370614359,1010179.3969973,1010179.79318,-4.8190528212539e-09,1010177.86325
25157.189571634,-0.00013640569603447,101.0176487905,1.2566370614359,1010178.0107849,1010178.4209702,-4.9459801415654e-09,1010176.487905
25257.189571634,-0.00013525210027972,101.01751238079,1.2566370614359,1010176.6355315,1010177.0600834,-5.0718612083007e-09,1010175.1238079
25357.189571634,-0.00013406989540643,101.0173771247,1.2566370614359,1010175.2715282,1010175.7108075,-5.196669393064e-09,1010173.771247
25457.189571634,-0.00013285933040325,101.01724305085,1.2566370614359,1010173.9190634,1010174.3734279,-5.320378294413e-09,1010172.4305085
25557.189571634,-0.00013162065952535,101.0171101876,1.2566370614359,1010172.5784233,1010173.0482274,-5.4429617434435e-09,1010171.101876
25657.189571634,-0.0001303541458054,101.01697856306,1.2566370614359,1010171.2498914,1010171.7354865,-5.5643938093251e-09,1010169.7856306
25757.189571634,-0.00012906005607966,101.01684820507,1.2566370614359,1010169.9337487,1010170.4354827,-5.6846488047867e-09,1010168.4820507
25857.189571634,-0.00012773866420638,101.0167191412,1.2566370614359,1010168.6302738,1010169.1484912,-5.8037012915499e-09,1010167.191412
25957.189571634,-0.00012639025311393,101.01659139877,1.2566370614359,1010167.3397423,1010167.8747841,-5.9215260857107e-09,1010165.9139877
26057.189571634,-0.000125015110412,101.01646500479,1.2566370614359,1010166.0624272,1010166.6146309,-6.0380982630661e-09,1010164.6500479
26157.189571634,-0.00012361352019929,101.01633998599,1.2566370614359,1010164.7985987,1010165.3682981,-6.1533931643871e-09,1010163.3998599
26257.189571634,-0.00012218577886299,101.01621636883,1.2566370614359,1010163.5485241,1010164.1360494,-6.2673864006346e-09,1010162.1636883
26357.189571634,-0.00012073218864198,101.01609417945,1.2566370614359,1010162.312468,1010162.9181455,-6.3800538581187e-09,1010160.9417945
26457.189571634,-0.00011925306055264,101.0159734437,1.2566370614359,1010161.0906917,1010161.714844,-6.4913717035998e-09,1010159.734437
26557.189571634,-0.00011774870912237,101.01585418712,1.2566370614359,1010159.8834537,1010160.5263994,-6.6013163893299e-09,1010158.5418712
26657.189571634,-0.00011621945063404,101.01573643494,1.2566370614359,1010158.6910094,1010159.3530632,-6.7098646580338e-09,1010157.3643494
26757.189571634,-0.00011466560546672,101.01562021206,1.2566370614359,1010157.5136111,1010158.1950834,-6.8169935478293e-09,1010156.2021206
26857.189571634,-0.00011308750336215,101.01550554307,1.2566370614359,1010156.3515077,1010157.0527052,-6.9226803970838e-09,1010155.0554307
26957.189571634,-0.00011148547815823,101.01539245223,1.2566370614359,1010155.2049451,1010155.9261701,-7.0269028492086e-09,1010153.9245223
27057.189571634,-0.00010985987159262,101.01528096347,1.2566370614359,1010154.0741659,1010154.8157165,-7.1296388573879e-09,1010152.8096347
27157.189571634,-0.00010821102481782,101.01517110035,1.2566370614359,1010152.9594093,1010153.7215792,-7.2308666892424e-09,1010151.7110035
27257.189571634,-0.00010653928922675,101.01506288614,1.2566370614359,1010151.860911,1010152.6439897,-7.3305649314269e-09,1010150.6288614
27357.189571634,-0.00010484501738267,101.01495634371,1.2566370614359,1010150.7789035,1010151.5831759,-7.4287124941593e-09,1010149.5634371
27457.189571634,-0.0001031285641895,101.0148514956,1.2566370614359,1010149.7136156,1010150.5393623,-7.5252886156825e-09,1010148.514956
27557.189571634,-0.00010139029625452,101.01474836399,1.2566370614359,1010148.6652727,1010149.5127696,-7.6202728666561e-09,1010147.4836399
27657.189571634,-9.9630579599834e-05,101.0146469707,1.2566370614359,1010147.6340965,1010148.5036151,-7.7136451544776e-09,1010146.469707
27757.189571634,-9.784978873246e-05,101.01454733719,1.2566370614359,1010146.6203052,1010147.5121121,-7.8053857275332e-09,1010145.4733719
27857.189571634,-9.6048301085269e-05,101.01444948451,1.2566370614359,1010145.6241132,1010146.5384705,-7.8954751793756e-09,1010144.4948451
27957.189571634,-9.4226494968875e-05,101.01435343338,1.2566370614359,1010144.6457313,1010145.5828961,-7.9838944528295e-09,1010143.5343338
28057.189571634,-9.2384754838148e-05,101.0142592041,1.2566370614359,1010143.6853664,1010144.6455912,-8.0706248440224e-09,1010142.592041
28157.189571634,-9.0523472169969e-05,101.01416681662,1.2566370614359,1010142.7432216,1010143.7267539,-8.1556480063417e-09,1010141.6681662
28257.189571634,-8.8643038441213e-05,101.01407629048,1.2566370614359,1010141.8194963,1010142.8265788,-8.2389459543155e-09,1010140.7629048
28357.189571634,-8.6743858002439e-05,101.01398764483,1.2566370614359,1010140.9143859,1010141.9452561,-8.3205010674167e-09,1010139.8764483
28457.189571634,-8.4826327011862e-05,101.01390089841,1.2566370614359,1010140.0280818,1010141.0829723,-8.4002960937911e-09,1010139.0089841
28557.189571634,-8.2890852160708e-05,101.01381606958,1.2566370614359,1010139.1607715,1010140.2399098,-8.4783141539063e-09,1010138.1606958
28657.189571634,-8.093784218829e-05,101.01373317629,1.2566370614359,1010138.3126385,1010139.416247,-8.5545387441227e-09,1010137.3317629
28757.189571634,-7.8967709052337e-05,101.01365223606,1.2566370614359,1010137.4838622,1010138.6121581,-8.6289537401842e-09,1010136.5223606
28857.189571634,-7.698087114742e-05,101.01357326602,1.2566370614359,1010136.6746179,1010137.8278132,-8.7015434006294e-09,1010135.7326602
28957.189571634,-7.4977751842032e-05,101.01349628288,1.2566370614359,1010135.8850768,1010137.0633782,-8.7722923701212e-09,1010134.9628288
29057.189571634,-7.2958774504665e-05,101.01342130291,1.2566370614359,1010135.1154059,1010136.3190147,-8.8411856826953e-09,1010134.2130291
29157.189571634,-7.0924358992807e-05,101.01334834199,1.2566370614359,1010134.365768,1010135.5948804,-8.9082087649259e-09,1010133.4834199
29257.189571634,-6.887494154863e-05,101.01327741554,1.2566370614359,1010133.6363217,1010134.8911283,-8.9733474390086e-09,1010132.7741554
29357.189571634,-6.6810954903302e-05,101.01320853856,1.2566370614359,1010132.9272214,1010134.2079073,-9.0365879257592e-09,1010132.0853856
29457.189571634,-6.4732836176744e-05,101.01314172564,1.2566370614359,1010132.2386169,1010133.545362,-9.097916847529e-09,1010131.4172564
29557.189571634,-6.2641023659213e-05,101.01307699089,1.2566370614359,1010131.570654,1010132.9036324,-9.1573212310341e-09,1010130.7699089
29657.189571634,-6.0535959737137e-05,101.01301434802,1.2566370614359,1010130.923474,1010132.2828544,-9.2147885101003e-09,1010130.1434802
29757.189571634,-5.8418088552444e-05,101.01295381028,1.2566370614359,1010130.2972137,1010131.6831593,-9.2703065283209e-09,1010129.5381028
29857.189571634,-5.628786126907e-05,101.01289539047,1.2566370614359,1010129.6920057,1010131.1046739,-9.3238635416283e-09,1010128.9539047
29957.189571634,-5.4145728465784e-05,101.01283910094,1.2566370614359,1010129.1079779,1010130.5475205,-9.3754482207782e-09,1010128.3910094
30057.189571634,-5.199214130652e-05,101.01278495362,1.2566370614359,1010128.545254,1010130.0118172,-9.4250496537464e-09,1010127.8495362
30157.189571634,-4.9827555636552e-05,101.01273295994,1.2566370614359,1010128.0039529,1010129.497677,-9.4726573480371e-09,1010127.3295994
30257.189571634,-4.7652431397326e-05,101.01268313092,1.2566370614359,1010127.4841892,1010129.005209,-9.5182612329021e-09,1010126.8313092
30357.189571634,-4.5467223263779e-05,101.01263547708,1.2566370614359,1010126.9860727,1010128.5345171,-9.5618516614713e-09,1010126.3547708
30457.189571634,-4.3272397614195e-05,101.01259000852,1.2566370614359,1010126.509709,1010128.085701,-9.6034194127934e-09,1010125.9000852
30557.189571634,-4.1068419656523e-05,101.01254673484,1.2566370614359,1010126.0551986,1010127.6588556,-9.6429556937866e-09,1010125.4673484
30657.189571634,-3.8855754598714e-05,101.01250566521,1.2566370614359,1010125.6226379,1010127.2540712,-9.6804521410984e-09,1010125.0566521
30757.189571634,-3.6634872330053e-05,101.01246680831,1.2566370614359,1010125.2121183,1010126.8714334,-9.7159008228747e-09,1010124.6680831
30857.189571634,-3.4406238351074e-05,101.01243017236,1.2566370614359,1010124.8237265,1010126.5110232,-9.7492942404382e-09,1010124.3017236
30957.189571634,-3.2170324306565e-05,101.01239576511,1.2566370614359,1010124.4575449,1010126.1729168,-9.7806253298739e-09,1010123.9576511
31057.189571634,-2.9927604474567e-05,101.01236359383,1.2566370614359,1010124.1136508,1010125.8571858,-9.809887463524e-09,1010123.6359383
31157.189571634,-2.7678555766375e-05,101.01233366535,1.2566370614359,1010123.792117,1010125.5638969,-9.8370744513895e-09,1010123.3366535
31257.189571634,-2.5423653045197e-05,101.01230598597,1.2566370614359,1010123.4930115,1010125.2931121,-9.8621805424397e-09,1010123.0598597
31357.189571634,-2.3163373514911e-05,101.01228056157,1.2566370614359,1010123.2163976,1010125.0448888,-9.8852004258289e-09,1010122.8056157
31457.189571634,-2.0898192916476e-05,101.01225739751,1.2566370614359,1010122.9623338,1010124.8192794,-9.9061292320198e-09,1010122.5739751
31557.189571634,-1.8628589916686e-05,101.01223649871,1.2566370614359,1010122.7308738,1010124.6163318,-9.9249625338132e-09,1010122.3649871
31657.189571634,-1.635504406009e-05,101.01221786957,1.2566370614359,1010122.5220666,1010124.4360887,-9.9416963472852e-09,1010122.1786957
31757.189571634,-1.4078041913239e-05,101.01220151404,1.2566370614359,1010122.3359564,1010124.2785883,-9.9563271326293e-09,1010122.0151404
31857.189571634,-1.1798061850347e-05,101.01218743558,1.2566370614359,1010122.1725825,1010124.1438641,-9.9688517949056e-09,1010121.8743558
31957.189571634,-9.5155883898797e-06,101.01217563717,1.2566370614359,1010122.0319795,1010124.0319443,-9.9792676846953e-09,1010121.7563717
32057.189571634,-7.2311010763848e-06,101.0121661213,1.2566370614359,1010121.9141772,1010123.9428528,-9.9875725986613e-09,1010121.661213
32157.189571634,-4.9450785766574e-06,101.01215888999,1.2566370614359,1010121.8192004,1010123.8766084,-9.9937647800139e-09,1010121.5888999
32257.189571634,-2.6580097979199e-06,101.01215394477,1.2566370614359,1010121.7470693,1010123.8332251,-9.9978429188832e-09,1010121.5394477
32357.189571634,-3.7038393997776e-07,101.01215128668,1.2566370614359,1010121.6977991,1010123.812712,-9.9998061525952e-09,1010121.5128668
32457.189571634,1.9173176971209e-06,101.01215091628,1.2566370614359,1010121.6714002,1010123.8150735,-9.999654065855e-09,1010121.5091628
32557.189571634,4.2046143984952e-06,101.01215283366,1.2566370614359,1010121.6678783,1010123.8403091,-9.9973866908346e-09,1010121.5283366
32657.189571634,6.4910263270152e-06,101.01215703839,1.2566370614359,1010121.687234,1010123.8884135,-9.9930045071657e-09,1010121.5703839
32757.189571634,8.7760660383768e-06,101.01216352961,1.2566370614359,1010121.7294632,1010123.9593765,-9.9865084418386e-09,1010121.6352961
32857.189571634,1.1059250769614e-05,101.01217230594,1.2566370614359,1010121.7945571,1010124.0531831,-9.9778998690058e-09,1010121.7230594
32957.189571634,1.3340091613504e-05,101.01218336551,1.2566370614359,1010121.8825019,1010124.1698134,-9.9671806096917e-09,1010121.8336551
33057.189571634,1.5618106977417e-05,101.012196706,1.2566370614359,1010121.9932789,1010124.3092428,-9.9543529314071e-09,1010121.96706
33157.189571634,1.7892820827808e-05,101.01221232457,1.2566370614359,1010122.1268648,1010124.4714417,-9.9394195476696e-09,1010122.1232457
33257.189571634,2.0163752449796e-05,101.01223021792,1.2566370614359,1010122.2832312,1010124.6563759,-9.9223836174296e-09,1010122.3021792
33357.189571634,2.2430419373e-05,101.01225038226,1.2566370614359,1010122.4623451,1010124.8640062,-9.9032487444022e-09,1010122.5038226
33457.189571634,2.4692343515792e-05,101.01227281334,1.2566370614359,1010122.6641686,1010125.0942888,-9.8820189763047e-09,1010122.7281334
33557.189571634,2.6949040359702e-05,101.01229750642,1.2566370614359,1010122.8886591,1010125.3471748,-9.8586988040003e-09,1010122.9750642
33657.189571634,2.9200035334106e-05,101.01232445625,1.2566370614359,1010123.135769,1010125.6226109,-9.8332931605485e-09,1010123.2445625
33757.189571634,3.1444852698046e-05,101.01235365715,1.2566370614359,1010123.405446,1010125.9205387,-9.8058074201611e-09,1010123.5365715
33857.189571634,3.3683019343813e-05,101.01238510293,1.2566370614359,1010123.6976331,1010126.2408952,-9.7762473970658e-09,1010123.8510293
33957.189571634,3.5914064504371e-05,101.01241878694,1.2566370614359,1010124.0122685,1010126.5836127,-9.7446193442758e-09,1010124.1878694
34057.189571634,3.8137511561008e-05,101.01245470206,1.2566370614359,1010124.3492856,1010126.9486186,-9.7109299522676e-09,1010124.5470206
34157.189571634,4.0352890331855e-05,101.0124928407,1.2566370614359,1010124.7086132,1010127.3358358,-9.6751863475654e-09,1010124.928407
34257.189571634,4.2559731220208e-05,101.01253319478,1.2566370614359,1010125.0901752,1010127.7451823,-9.6373960912334e-09,1010125.3319478
34357.189571634,4.4757570188451e-05,101.01257575577,1.2566370614359,1010125.493891,1010128.1765716,-9.5975671772768e-09,1010125.7575577
34457.189571634,4.6945939395384e-05,101.01262051466,1.2566370614359,1010125.9196751,1010128.6299123,-9.5557080309507e-09,1010126.2051466
34557.189571634,4.9124380069896e-05,101.01266746198,1.2566370614359,1010126.3674374,1010129.1051087,-9.5118275069775e-09,1010126.6746198
34657.189571634,5.1292432270544e-05,101.01271658781,1.2566370614359,1010126.8370833,1010129.6020601,-9.465934887674e-09,1010127.1658781
34757.189571634,5.3449631959713e-05,101.01276788176,1.2566370614359,1010127.3285133,1010130.1206615,-9.4180398809882e-09,1010127.6788176
34857.189571634,5.5595523292129e-05,101.01282133296,1.2566370614359,1010127.8416236,1010130.6608031,-9.3681526184451e-09,1010128.2133296
34957.189571634,5.7729653055771e-05,101.01287693013,1.2566370614359,1010128.3763056,1010131.2223707,-9.316283653004e-09,1010128.7693013
35057.189571634,5.9851573305124e-05,101.01293466148,1.2566370614359,1010128.9324462,1010131.8052454,-9.2624439568259e-09,1010129.3466148
35157.189571634,6.1960833461419e-05,101.01299451482,1.2566370614359,1010129.5099277,1010132.4093041,-9.2066449189525e-09,1010129.9451482
35257.189571634,6.4056985286556e-05,101.01305647748,1.2566370614359,1010130.1086279,1010133.0344189,-9.1488983428975e-09,1010130.5647748
35357.189571634,6.6139587857027e-05,101.01312053636,1.2566370614359,1010130.7284204,1010133.6804576,-9.0892164441488e-09,1010131.2053636
35457.189571634,6.8208197030902e-05,101.01318667789,1.2566370614359,1010131.3691738,1010134.3472835,-9.0276118475853e-09,1010131.8667789
35557.189571634,7.0262380662181e-05,101.0132548881,1.2566370614359,1010132.0307528,1010135.0347555,-8.9640975848059e-09,1010132.548881
35657.189571634,7.2301701045775e-05,101.01332515256,1.2566370614359,1010132.7130173,1010135.7427283,-8.898687091373e-09,1010133.2515256
35757.189571634,7.4325725157932e-05,101.01339745639,1.2566370614359,1010133.415823,1010136.4710521,-8.8313942039702e-09,1010133.9745639
35857.189571634,7.6334026119157e-05,101.01347178431,1.2566370614359,1010134.1390212,1010137.2195727,-8.7622331574756e-09,1010134.7178431
35957.189571634,7.8326181731292e-05,101.01354812058,1.2566370614359,1010134.8824591,1010137.988132,-8.6912185819504e-09,1010135.4812058
36057.189571634,8.0301769211011e-05,101.01362644908,1.2566370614359,1010135.6459792,1010138.7765672,-8.6183654995442e-09,1010136.2644908
36157.189571634,8.226036811566e-05,101.01370675321,1.2566370614359,1010136.4294201,1010139.5847117,-8.5436893213173e-09,1010137.0675321
36257.189571634,8.4201566780091e-05,101.01378901601,1.2566370614359,1010137.2326161,1010140.4123943,-8.4672058439806e-09,1010137.8901601
36357.189571634,8.6124953539155e-05,101.01387322006,1.2566370614359,1010138.0553972,1010141.2594402,-8.388931246554e-09,1010138.7322006
36457.189571634,8.8030120823877e-05,101.01395934755,1.2566370614359,1010138.8975894,1010142.1256701,-8.3088820869443e-09,1010139.5934755
36557.189571634,8.9916667209535e-05,101.01404738027,1.2566370614359,1010139.7590146,1010143.0109007,-8.2270752984422e-09,1010140.4738027
36657.189571634,9.1784194197244e-05,101.01413729959,1.2566370614359,1010140.6394905,1010143.9149448,-8.1435281861403e-09,1010141.3729959
36757.189571634,9.3632305043622e-05,101.01422908649,1.2566370614359,1010141.538831,1010144.8376111,-8.0582584232728e-09,1010142.2908649
36857.189571634,9.5460607394039e-05,101.01432272156,1.2566370614359,1010142.4568456,1010145.7787045,-7.9712840474768e-09,1010143.2272156
36957.189571634,9.7268717086208e-05,101.01441818498,1.2566370614359,1010143.3933403,1010146.738026,-7.8826234569764e-09,1010144.1818498
37057.189571634,9.9056253468845e-05,101.01451545656,1.2566370614359,1010144.3481169,1010147.7153725,-7.7922954066912e-09,1010145.1545657
37157.189571634,0.00010082283384258,101.01461451574,1.2566370614359,1010145.3209735,1010148.7105373,-7.7003190042689e-09,1010146.1451574
37257.189571634,0.00010256808662622,101.01471534155,1.2566370614359,1010146.3117043,1010149.72331,-7.6067137060431e-09,1010147.1534155
37357.189571634,0.00010429164170149,101.01481791266,1.2566370614359,1010147.3200997,1010150.7534762,-7.5114993129178e-09,1010148.1791266
37457.189571634,0.00010599313597213,101.01492220738,1.2566370614359,1010148.3459464,1010151.8008181,-7.4146959661788e-09,1010149.2220738
37557.189571634,0.00010767220956029,101.01502820364,1.2566370614359,1010149.3890273,1010152.865114,-7.316324143233e-09,1010150.2820364
37657.189571634,0.0001093285063917,101.01513587902,1.2566370614359,1010150.4491219,1010153.946139,-7.2164046532766e-09,1010151.3587902
37757.189571634,0.00011096167682894,101.01524521075,1.2566370614359,1010151.5260059,1010155.0436643,-7.1149586328934e-09,1010152.4521075
37857.189571634,0.00011257137474561,101.0153561757,1.2566370614359,1010152.6194515,1010156.1574576,-7.0120075415836e-09,1010153.561757
37957.189571634,0.00011415725928178,101.0154687504,1.2566370614359,1010153.7292274,1010157.2872835,-6.9075731572242e-09,1010154.687504
38057.189571634,0.00011571899250338,101.01558291103,1.2566370614359,1010154.8550988,1010158.432903,-6.8016775714624e-09,1010155.8291103
38157.189571634,0.00011725624876485,101.01569863343,1.2566370614359,1010155.9968275,1010159.5940736,-6.6943431850423e-09,1010156.9863343
38257.189571634,0.00011876870417611,101.01581589314,1.2566370614359,1010157.1541721,1010160.7705497,-6.5855927030662e-09,1010158.1589314
38357.189571634,0.00012025603631004,101.01593466534,1.2566370614359,1010158.3268877,1010161.9620826,-6.4754491301921e-09,1010159.3466534
38457.189571634,0.00012171792595789,101.01605492493,1.2566370614359,1010159.5147263,1010163.1684201,-6.3639357657667e-09,1010160.5492493
38557.189571634,0.00012315406766239,101.01617664644,1.2566370614359,1010160.7174366,1010164.389307,-6.2510761988974e-09,1010161.7664644
38657.189571634,0.00012456415801431,101.01629980414,1.2566370614359,1010161.9347642,1010165.6244851,-6.1368943034619e-09,1010162.9980414
38757.189571634,0.00012594789945613,101.01642437198,1.2566370614359,1010163.1664515,1010166.8736931,-6.0214142330585e-09,1010164.2437198
38857.189571634,0.0001273049996968,101.01655032359,1.2566370614359,1010164.412238,1010168.1366668,-5.904660415896e-09,1010165.5032359
38957.189571634,0.00012863517083405,101.01667763234,1.2566370614359,1010165.6718602,1010169.4131389,-5.7866575496269e-09,1010166.7763234
39057.189571634,0.00012993812935436,101.01680627131,1.2566370614359,1010166.9450516,1010170.7028396,-5.6674305961228e-09,1010168.0627131
39157.189571634,0.00013121360139946,101.01693621327,1.2566370614359,1010168.231543,1010172.0054958,-5.5470047761939e-09,1010169.3621327
39257.189571634,0.00013246131749985,101.01706743074,1.2566370614359,1010169.5310621,1010173.3208322,-5.425405564254e-09,1010170.6743074
39357.189571634,0.00013368101257476,101.01719989597,1.2566370614359,1010170.8433341,1010174.6485704,-5.3026586829318e-09,1010171.9989597
39457.189571634,0.00013487242622477,101.01733358092,1.2566370614359,1010172.1680813,1010175.9884296,-5.1787900976293e-09,1010173.3358092
39557.189571634,0.00013603531297225,101.01746845733,1.2566370614359,1010173.5050236,1010177.3401263,-5.0538260110297e-09,1010174.6845733
39657.189571634,0.00013716942704694,101.01760449665,1.2566370614359,1010174.8538781,1010178.7033747,-4.9277928575543e-09,1010176.0449665
39757.189571634,0.00013827452121569,101.01774167012,1.2566370614359,1010176.2143596,1010180.0778863,-4.8007172977706e-09,1010177.4167012
39857.189571634,0.00013935036404486,101.01787994872,1.2566370614359,1010177.5861801,1010181.4633704,-4.6726262127527e-09,1010178.7994872
39957.189571634,0.00014039672848957,101.0180193032,1.2566370614359,1010178.9690496,1010182.8595339,-4.5435466983951e-09,1010180.193032
40057.189571634,0.00014141339716018,101.01815970407,1.2566370614359,1010180.3626755,1010184.2660814,-4.4135060596807e-09,1010181.5970407
40157.189571634,0.00014240014974125,101.01830112163,1.2566370614359,1010181.7667629,1010185.6827155,-4.282531804905e-09,1010183.0112163
40257.189571634,0.00014335677908356,101.01844352598,1.2566370614359,1010183.1810149,1010187.1091365,-4.1506516398571e-09,1010184.4352598
40357.189571634,0.00014428308388958,101.01858688699,1.2566370614359,1010184.6051323,1010188.5450425,-4.0178934619589e-09,1010185.8688699
40457.189571634,0.00014517887046898,101.01873117433,1.2566370614359,1010186.0388139,1010189.99013,-3.8842853543635e-09,1010187.3117433
40557.189571634,0.00014604394366846,101.01887635748,1.2566370614359,1010187.4817564,1010191.4440931,-3.7498555800151e-09,1010188.7635748
40657.189571634,0.00014687812267136,101.01902240573,1.2566370614359,1010188.9336545,1010192.9066244,-3.6146325756701e-09,1010190.2240573
40757.189571634,0.00014768123309785,101.01916928819,1.2566370614359,1010190.3942012,1010194.3774144,-3.4786449458816e-09,1010191.6928819
40857.189571634,0.00014845310261617,101.01931697378,1.2566370614359,1010191.8630874,1010195.856152,-3.3419214569487e-09,1010193.1697378
40957.189571634,0.00014919356884242,101.01946543126,1.2566370614359,1010193.3400024,1010197.3425245,-3.2044910308312e-09,1010194.6543126
41057.189571634,0.00014990247553694,101.01961462923,1.2566370614359,1010194.8246339,1010198.8362173,-3.0663827390319e-09,1010196.1462923
41157.189571634,0.0001505796734821,101.01976453612,1.2566370614359,1010196.3166677,1010200.3369146,-2.9276257964465e-09,1010197.6453612
41257.189571634,0.00015122501843416,101.01991512024,1.2566370614359,1010197.8157882,1010201.8442988,-2.7882495551838e-09,1010199.1512024
41357.189571634,0.00015183837375659,101.02006634972,1.2566370614359,1010199.3216784,1010203.3580511,-2.6482834983568e-09,1010200.6634972
41457.189571634,0.00015241960807933,101.02021819257,1.2566370614359,1010200.8340197,1010204.8778513,-2.5077572338455e-09,1010202.1819257
41557.189571634,0.00015296860115053,101.02037061667,1.2566370614359,1010202.3524922,1010206.4033779,-2.3667004880344e-09,1010203.7061667
41657.189571634,0.00015348523535156,101.02052358978,1.2566370614359,1010203.8767746,1010207.9343082,-2.2251430995238e-09,1010205.2358978
41757.189571634,0.00015396940096357,101.02067707955,1.2566370614359,1010205.4065444,1010209.4703184,-2.0831150128182e-09,1010206.7707955
41857.189571634,0.00015442099850813,101.02083105349,1.2566370614359,1010206.9414782,1010211.0110834,-1.9406462719915e-09,1010208.3105349
41957.189571634,0.00015483993318816,101.02098547904,1.2566370614359,1010208.4812512,1010212.5562775,-1.7977670143321e-09,1010209.8547904
42057.189571634,0.00015522611020655,101.02114032354,1.2566370614359,1010210.0255378,1010214.1055737,-1.6545074639675e-09,1010211.4032354
42157.189571634,0.00015557944793249,101.02129555423,1.2566370614359,1010211.5740111,1010215.6586443,-1.5108979254708e-09,1010212.9555423
42257.189571634,0.00015589987556073,101.02145113827,1.2566370614359,1010213.1263437,1010217.2151608,-1.3669687774502e-09,1010214.5113827
42357.189571634,0.00015618732843029,101.02160704274,1.2566370614359,1010214.6822072,1010218.7747938,-1.2227504661231e-09,1010216.0704274
42457.189571634,0.00015644174539121,101.02176323467,1.2566370614359,1010216.2412725,1010220.3372136,-1.0782734988751e-09,1010217.6323467
42557.189571634,0.00015666306587867,101.02191968103,1.2566370614359,1010217.8032097,1010221.9020896,-9.3356843780703e-10,1010219.1968103
42657.189571634,0.00015685124424962,101.02207634872,1.2566370614359,1010219.3676885,1010223.4690907,-7.8866589326981e-10,1010220.7634872
42757.189571634,0.00015700624246821,101.02223320459,1.2566370614359,1010220.9343779,1010225.0378855,-6.4359651738922e-10,1010222.3320459
42857.189571634,0.0001571280268873,101.02239021546,1.2566370614359,1010222.5029466,1010226.6081421,-4.9839099758191e-10,1010223.9021546
42957.189571634,0.00015721657761122,101.02254734813,1.2566370614359,1010224.0730626,1010228.1795283,-3.5308005006386e-10,1010225.4734813
43057.189571634,0.00015727187328137,101.02270456934,1.2566370614359,1010225.6443938,1010229.7517118,-2.0769441335287e-10,1010227.0456934
43157.189571634,0.00015729389926855,101.02286184585,1.2566370614359,1010227.216608,1010231.32436,-6.2264841766193e-11,1010228.6184585
43200,6.9411293252117e-05,101.02292918603,1.2566370614359,1010228.7823801,1010231.9978024,-2.4492935982947e-24,1010229.2918603
